StartDate,EndDate,Status,IPAddress,Progress,Duration (in seconds),Finished,RecordedDate,ResponseId,RecipientLastName,RecipientFirstName,RecipientEmail,ExternalReference,LocationLatitude,LocationLongitude,DistributionChannel,UserLanguage,Q2,Q5,Q4,Q3_1,Q3_2,Q3_3,Q3_4,Q6,Q7,Q1,Q1_7_TEXT,Q8,Q9,Q10,Q11,Q12,Q12_7_TEXT,Q13,Q14,Q15_1,Q15_2,Q15_3,Q17,Q18,Q18_3_TEXT,MTurkCode,condition_number,condition
Start Date,End Date,Response Type,IP Address,Progress,Duration (in seconds),Finished,Recorded Date,Response ID,Recipient Last Name,Recipient First Name,Recipient Email,External Data Reference,Location Latitude,Location Longitude,Distribution Channel,User Language,How authentic did you find the posts about the product to be?,How likely are you to explore different products from the brand other than the one shown?,How certain do you feel that Age Rewind Health bars are a high quality product?,"On a scale from 1-7, rate how much do you agree with the below statements. (1 being strongly disagree and 7 being strongly agree) - I liked this social media campaign.","On a scale from 1-7, rate how much do you agree with the below statements. (1 being strongly disagree and 7 being strongly agree) - The social media campaign was informative.","On a scale from 1-7, rate how much do you agree with the below statements. (1 being strongly disagree and 7 being strongly agree) - I feel more familiar with the product after the campaign.","On a scale from 1-7, rate how much do you agree with the below statements. (1 being strongly disagree and 7 being strongly agree) - I feel more familiar with the creator(s) after the campaign.","When considering buying this product, how likely would you be to seek out additional information on the product?",Where would you go to seek out more information on the product? (Select all that apply.),What perceptions did you have about the product when scrolling through the images? (Select all that apply.) - Selected Choice,What perceptions did you have about the product when scrolling through the images? (Select all that apply.) - Other - Text,How familiar do you feel with the brand after the social media campaign?,How similar to the creator's experience would you expect your own experience with the product to be if you bought Age Rewind?,How likely are you to talk about this product with a friend?,"If you were given a $15 giftcard to spend on a pack of the below health bar options, which are you most likely to select for a snack?",What perceptions did you have about the content creator(s) when scrolling through the images? (Select all that apply.) - Selected Choice,What perceptions did you have about the content creator(s) when scrolling through the images? (Select all that apply.) - Other - Text,How likely are you to explore other videos posted by the content creator(s)?,How likely are you to share the content creators' post with a friend?,"On a scale from 1-7, rate how much do you agree with the below statements. (1 being strongly disagree and 7 being strongly agree) - I trust the content creator(s) in the social media campaign.","On a scale from 1-7, rate how much do you agree with the below statements. (1 being strongly disagree and 7 being strongly agree) - I have more trust in the product after the social media campaign.","On a scale from 1-7, rate how much do you agree with the below statements. (1 being strongly disagree and 7 being strongly agree) - The social media campaign made me more confident in the quality of the product.",What is your age? (Numerical value only),What is your gender? - Selected Choice,What is your gender? - Non-binary / other gender - Text,MTurkCode,condition_number,condition
"{""ImportId"":""startDate"",""timeZone"":""America/Denver""}","{""ImportId"":""endDate"",""timeZone"":""America/Denver""}","{""ImportId"":""status""}","{""ImportId"":""ipAddress""}","{""ImportId"":""progress""}","{""ImportId"":""duration""}","{""ImportId"":""finished""}","{""ImportId"":""recordedDate"",""timeZone"":""America/Denver""}","{""ImportId"":""_recordId""}","{""ImportId"":""recipientLastName""}","{""ImportId"":""recipientFirstName""}","{""ImportId"":""recipientEmail""}","{""ImportId"":""externalDataReference""}","{""ImportId"":""locationLatitude""}","{""ImportId"":""locationLongitude""}","{""ImportId"":""distributionChannel""}","{""ImportId"":""userLanguage""}","{""ImportId"":""QID14""}","{""ImportId"":""QID7""}","{""ImportId"":""QID2""}","{""ImportId"":""QID1_1""}","{""ImportId"":""QID1_2""}","{""ImportId"":""QID1_3""}","{""ImportId"":""QID1_4""}","{""ImportId"":""QID9""}","{""ImportId"":""QID10""}","{""ImportId"":""QID5""}","{""ImportId"":""QID5_7_TEXT""}","{""ImportId"":""QID3""}","{""ImportId"":""QID8""}","{""ImportId"":""QID11""}","{""ImportId"":""QID4""}","{""ImportId"":""QID6""}","{""ImportId"":""QID6_7_TEXT""}","{""ImportId"":""QID12""}","{""ImportId"":""QID13""}","{""ImportId"":""QID16_1""}","{""ImportId"":""QID16_2""}","{""ImportId"":""QID16_3""}","{""ImportId"":""QID17_TEXT""}","{""ImportId"":""QID18""}","{""ImportId"":""QID18_3_TEXT""}","{""ImportId"":""MTurkCode""}","{""ImportId"":""condition_number""}","{""ImportId"":""condition""}"
2025-03-13 11:37:31,2025-03-13 11:38:18,1,,100,46,1,2025-03-13 11:38:18,R_7BhejzgAQAbGODd,,,,,42.3253,-71.0951,preview,EN,,,,,,,,,,,,,,,,,,,,,,,,,,,,
2025-03-13 14:00:21,2025-03-13 14:03:03,0,67.81.212.207,100,161,1,2025-03-13 14:03:04,R_1B5lit5R7fgubF7,,,,,40.6033,-74.633,anonymous,EN,7,7,1,5,5,5,5,7,"1,3,4","1,2,4",,5,7,7,1,1,,7,7,4,4,,22,2,,,,
2025-03-14 12:40:19,2025-03-14 12:44:15,0,80.214.73.214,100,235,1,2025-03-14 12:44:15,R_8tyaFRd5Jtx4YHD,,,,,48.8558,2.3494,anonymous,EN,5,1,3,2,3,3,2,7,1,6,,4,4,3,0,2,,4,1,3,2,2,21,2,,,,
2025-03-13 14:48:57,2025-03-13 14:49:47,0,107.127.42.17,55,49,0,2025-03-20 14:49:51,R_5CCaCbNUiqhrtSD,,,,,40.839,-73.946,anonymous,EN,,,,,,,,,,,,,,,,,,,,,,,,,,,,
2025-03-18 14:00:58,2025-03-18 14:09:12,0,155.33.133.13,95,494,0,2025-03-25 14:09:18,R_5qJ9WFKZ0WFx0Jm,,,,,42.3253,-71.0951,anonymous,EN,,,,,,,,,,,,,,,,,,,,,,,,,,,,
2025-03-18 13:59:04,2025-03-18 14:56:43,0,155.33.133.13,55,3459,0,2025-03-25 14:56:43,R_7FPuKDCDtqebucG,,,,,42.3253,-71.0951,anonymous,EN,,,,,,,,,,,,,,,,,,,,,,,,,,,,
2025-03-27 09:16:42,2025-03-27 09:17:21,1,,100,38,1,2025-03-27 09:17:21,R_3wcvEhAMqb1JQwG,,,,,42.3649,-71.0987,preview,EN,,,,,,,,,,,,,,,,,,,,,,,,,,,,
2025-03-27 09:17:30,2025-03-27 09:17:51,1,,100,20,1,2025-03-27 09:17:51,R_3PbN6SaWAvofvQc,,,,,42.3649,-71.0987,preview,EN,,,,,,,,,,,,,,,,,,,,,,,,,,,,
2025-04-03 15:25:43,2025-04-03 15:26:58,1,,100,75,1,2025-04-03 15:26:58,R_3M5bfBc97Nbo2qJ,,,,,42.3649,-71.0987,preview,EN,5,5,6,5,4,4,4,5,4,3,,4,4,4,0,3,,5,5,6,5,5,35,1,,,,
2025-04-03 15:32:11,2025-04-03 15:32:43,1,,100,32,1,2025-04-03 15:32:43,R_3NDOoXNTH1X8ino,,,,,42.3649,-71.0987,preview,EN,3,2,5,5,5,5,5,7,4,1,,3,6,5,0,5,,2,3,3,3,3,30,2,,25558648,,
2025-04-03 15:39:15,2025-04-03 15:39:39,1,,100,23,1,2025-04-03 15:39:40,R_3l3rzxgHfXXeIKP,,,,,42.3649,-71.0987,preview,EN,6,,,,,,,,,,,,,,,,,,,,,7,50,1,,19539841,1,single
2025-04-03 15:40:13,2025-04-03 15:40:35,1,,100,22,1,2025-04-03 15:40:36,R_31bzDDxxbwzyqMy,,,,,42.3649,-71.0987,preview,EN,,,,,,,,,,,,,,,,,,,,,,,70,,,63350706,0,multiple
2025-04-03 15:41:46,2025-04-03 15:42:18,1,,100,32,1,2025-04-03 15:42:19,R_3rNVt8ONqGYt8NC,,,,,42.3649,-71.0987,preview,EN,6,3,3,7,5,5,5,6,4,3,,2,5,5,0,5,,5,6,6,5,6,40,1,,36362235,1,single
2025-04-03 20:52:58,2025-04-03 20:54:26,1,,100,88,1,2025-04-03 20:54:27,R_3MM7giLT84CwX6B,,,,,42.3649,-71.0987,preview,EN,,,,,,,,,,,,,,,,,,,,,,,,,,35103611,0,multiple
2025-04-03 20:55:26,2025-04-03 20:57:25,0,47.26.57.178,100,119,1,2025-04-03 20:57:26,R_3Ebjs65BHBEjFrL,,,,,44.3168,-84.7602,anonymous,EN,3,2,4,3,4,5,5,2,1,"4,6",,5,3,2,0,6,,1,1,3,3,3,29,3,Non binary,78166514,1,single
2025-04-03 20:56:37,2025-04-03 20:57:28,0,50.53.55.169,100,51,1,2025-04-03 20:57:29,R_3iIlBK8Ee0kH1PL,,,,,45.5152,-122.4167,anonymous,EN,6,6,5,6,6,6,6,5,"1,2,4","1,4",,6,6,6,1,2,,5,4,6,5,6,29,1,,36215001,0,multiple
2025-04-03 20:55:27,2025-04-03 20:57:56,0,73.174.205.169,100,149,1,2025-04-03 20:57:57,R_6rOusrC9NnRy4jr,,,,,39.5953,-79.9229,anonymous,EN,1,1,1,1,1,1,1,1,5,"6,7",low-effort template,1,1,1,0,6,,1,1,1,1,1,34,1,,19199215,0,multiple
2025-04-03 20:56:36,2025-04-03 20:58:25,0,108.35.36.197,100,109,1,2025-04-03 20:58:25,R_5mUYPU2P1NekUMh,,,,,40.9953,-73.9503,anonymous,EN,5,2,4,4,2,1,1,3,1,6,,3,1,1,0,6,,2,1,4,2,2,38,1,,19084947,0,multiple
2025-04-03 20:55:41,2025-04-03 20:58:30,0,12.55.235.134,100,169,1,2025-04-03 20:58:31,R_1L5QPxsutbIMOfO,,,,,41.2178,-88.5015,anonymous,EN,2,2,4,2,5,5,5,2,5,6,,5,4,2,1,6,,1,1,2,2,2,52,2,,71996829,0,multiple
2025-04-03 20:57:02,2025-04-03 20:58:41,0,172.59.190.160,100,99,1,2025-04-03 20:58:42,R_6EZJJPf93B0UDkZ,,,,,41.8835,-87.6305,anonymous,EN,1,2,2,1,2,2,1,2,5,"2,4,6",,1,6,2,0,6,,2,1,2,2,2,31,1,,40643380,0,multiple
2025-04-03 20:57:00,2025-04-03 20:59:32,0,24.210.58.98,100,151,1,2025-04-03 20:59:32,R_1DG7jWQrpR84IGR,,,,,40.0457,-83.0721,anonymous,EN,1,1,1,1,1,1,1,1,5,"6,7",don't care,1,1,1,0,7,ambivalent,1,1,1,1,1,35,2,,27887743,1,single
2025-04-03 20:57:40,2025-04-03 20:59:38,0,174.44.64.129,100,117,1,2025-04-03 20:59:38,R_31HEj29MBpVd91i,,,,,40.5978,-74.0001,anonymous,EN,2,1,2,1,2,2,2,6,"1,4","4,6",,2,4,1,0,6,,1,1,1,1,1,28,1,,83503154,1,single
2025-04-03 20:56:34,2025-04-03 20:59:45,0,73.37.94.45,100,191,1,2025-04-03 20:59:46,R_5I1iQMTYdNGBPSp,,,,,45.5221,-122.8585,anonymous,EN,1,1,1,1,1,2,1,1,5,"4,6",,2,1,1,0,6,,1,1,1,1,1,36,1,,93874641,0,multiple
2025-04-03 20:57:07,2025-04-03 21:00:40,0,174.51.230.114,100,212,1,2025-04-03 21:00:40,R_6gjY1GXfm3Shaqy,,,,,39.7747,-105.0968,anonymous,EN,1,1,2,1,1,1,1,1,5,"4,6",,1,1,1,0,6,,1,1,1,1,1,63,2,,70366826,1,single
2025-04-03 20:59:19,2025-04-03 21:00:58,0,96.37.124.100,100,99,1,2025-04-03 21:00:59,R_6hXvmRH7FZJZUMj,,,,,42.6331,-88.6437,anonymous,EN,2,2,2,2,2,2,2,2,5,6,,2,2,2,0,6,,2,2,2,2,2,35,1,,30103690,1,single
2025-04-03 20:59:13,2025-04-03 21:01:05,0,136.226.48.80,100,111,1,2025-04-03 21:01:05,R_6qbvPq3N9ZA6TXX,,,,,38.9609,-77.3429,anonymous,EN,5,4,5,6,5,4,5,4,4,"1,4",,4,4,5,0,3,,4,4,6,4,4,31,2,,16081006,0,multiple
2025-04-03 20:55:58,2025-04-03 21:01:13,0,76.82.254.218,100,314,1,2025-04-03 21:01:14,R_5KZ73cJgt0fTeZr,,,,,34.1483,-118.0016,anonymous,EN,5,3,5,4,3,3,2,5,4,3,,2,4,2,0,2,,2,2,4,3,4,61,2,,70909600,0,multiple
2025-04-03 20:56:00,2025-04-03 21:01:17,0,172.59.221.116,100,316,1,2025-04-03 21:01:17,R_32u1Zj4xuHe3lCm,,,,,35.2522,-80.8263,anonymous,EN,3,3,4,4,5,5,5,6,"1,4","1,2,6",,5,3,4,0,6,,5,2,2,3,3,42,2,,73375861,0,multiple
2025-04-03 20:59:04,2025-04-03 21:01:17,0,70.162.86.136,100,132,1,2025-04-03 21:01:17,R_7lxV4kzs8pBm5uK,,,,,32.2503,-110.945,anonymous,EN,2,3,5,2,2,5,5,5,"1,4","4,6",,5,3,2,0,2,,5,4,5,4,4,41,1,,11007643,0,multiple
2025-04-03 20:57:25,2025-04-03 21:01:24,0,104.182.67.85,100,238,1,2025-04-03 21:01:24,R_1vqCRWv3x6jDHot,,,,,32.7449,-117.165,anonymous,EN,5,4,4,3,3,4,4,5,3,3,,4,4,3,0,3,,5,4,3,4,4,27,1,,47633079,0,multiple
2025-04-03 20:55:58,2025-04-03 21:01:55,0,209.114.6.22,100,356,1,2025-04-03 21:01:55,R_3rHnA3peloKiDIp,,,,,37.751,-97.822,anonymous,EN,6,6,6,6,6,6,6,5,"1,2,4","2,3",,6,6,6,1,3,,6,6,6,6,6,37,2,,89325714,1,single
2025-04-03 20:59:33,2025-04-03 21:02:07,0,73.78.113.102,100,154,1,2025-04-03 21:02:08,R_7lcuCbZZiSN0wfv,,,,,39.4895,-104.8447,anonymous,EN,3,5,5,4,3,3,4,7,"1,4",1,,5,4,5,0,6,,4,1,3,4,4,39,1,,85843197,0,multiple
2025-04-03 21:00:09,2025-04-03 21:02:07,0,172.87.18.58,100,118,1,2025-04-03 21:02:08,R_1JdLbgL8KUeuIed,,,,,39.5992,-86.13,anonymous,EN,2,1,2,1,1,1,1,1,1,6,,2,4,1,0,6,,1,1,1,1,1,34,1,,20673031,1,single
2025-04-03 20:59:39,2025-04-03 21:02:15,0,68.56.233.94,100,156,1,2025-04-03 21:02:15,R_3ijVBbOPfhOz910,,,,,42.518,-83.1576,anonymous,EN,3,2,2,2,1,4,3,7,"1,3,4","4,6",,1,2,2,0,4,,3,2,2,2,2,24,2,,15939419,1,single
2025-04-03 20:58:03,2025-04-03 21:02:16,0,98.61.63.249,100,252,1,2025-04-03 21:02:16,R_31abgUFyHIjeaF0,,,,,45.08,-93.0227,anonymous,EN,3,4,5,4,3,3,3,6,"1,4",4,,2,5,3,0,6,,2,3,4,4,3,63,1,,49710124,1,single
2025-04-03 21:01:16,2025-04-03 21:02:30,0,71.172.238.164,100,74,1,2025-04-03 21:02:31,R_7pZVWFteExj6bv3,,,,,40.3869,-74.5558,anonymous,EN,5,6,4,3,6,5,5,6,"2,3","2,3,5",,6,5,4,0,2,,6,4,6,2,4,40,4,,25547603,0,multiple
2025-04-03 20:56:17,2025-04-03 21:02:45,0,76.181.210.253,100,387,1,2025-04-03 21:02:45,R_3cw8wjurGAKMVeo,,,,,37.019,-86.4537,anonymous,EN,3,3,3,3,2,3,3,7,4,4,,3,3,2,0,6,,2,1,2,2,2,39,2,,36105912,1,single
2025-04-03 21:01:08,2025-04-03 21:03:14,0,68.225.246.232,100,126,1,2025-04-03 21:03:14,R_5L6a2HYrZiFiub9,,,,,33.7015,-117.7528,anonymous,EN,7,3,7,6,7,7,4,3,1,"1,3",,4,5,2,1,3,,3,2,6,7,6,32,1,,46114546,0,multiple
2025-04-03 20:58:28,2025-04-03 21:03:55,0,172.59.190.92,100,326,1,2025-04-03 21:03:55,R_1jprUbGZ1L6B0el,,,,,41.8835,-87.6305,anonymous,EN,2,4,3,4,4,2,2,7,"1,4",2,,3,4,4,0,6,,3,2,2,2,2,50,2,,57473008,0,multiple
2025-04-03 21:00:38,2025-04-03 21:04:02,0,76.230.77.120,100,204,1,2025-04-03 21:04:03,R_60S8y0LbiLcLew9,,,,,40.4484,-86.1394,anonymous,EN,5,3,4,3,4,4,3,3,5,6,,4,2,2,0,6,,2,2,3,3,3,58,1,,35520102,0,multiple
2025-04-03 20:56:16,2025-04-03 21:04:04,0,99.111.135.127,100,467,1,2025-04-03 21:04:04,R_10NpDTnZtUhLUEu,,,,,35.5312,-81.0298,anonymous,EN,5,4,2,4,5,5,2,5,"1,4","4,6",,2,2,4,0,6,,2,1,2,3,2,50,1,,51550881,1,single
2025-04-03 21:01:12,2025-04-03 21:04:16,0,209.159.217.88,100,183,1,2025-04-03 21:04:17,R_5Pbb7uEu2mJP8it,,,,,44.1415,-103.2052,anonymous,EN,5,4,4,5,4,5,3,6,"1,4",6,,3,5,5,0,5,,4,3,4,5,4,47,1,,48889671,0,multiple
2025-04-03 21:02:38,2025-04-03 21:04:30,0,162.83.132.229,100,111,1,2025-04-03 21:04:31,R_3JA1EzXmGLPxBG9,,,,,40.7429,-73.9392,anonymous,EN,1,1,4,1,1,1,1,1,5,6,,1,4,1,0,6,,1,1,1,1,1,28,2,,11293017,1,single
2025-04-03 21:01:16,2025-04-03 21:04:31,0,77.111.118.102,100,194,1,2025-04-03 21:04:32,R_6jrJYuV5IXAe212,,,,,39.7491,-104.9945,anonymous,EN,6,6,6,6,5,6,7,5,1,"1,3",,6,6,6,1,3,,6,5,6,5,5,38,1,,77898173,1,single
2025-04-03 21:01:06,2025-04-03 21:04:37,0,67.11.149.227,100,210,1,2025-04-03 21:04:37,R_5jeoUJ3Eu2VJJTs,,,,,29.5551,-98.7442,anonymous,EN,5,4,4,5,5,4,4,5,"1,4",6,,2,5,5,1,6,,4,3,4,4,4,37,2,,53760158,1,single
2025-04-03 21:02:51,2025-04-03 21:04:54,0,174.74.111.82,100,122,1,2025-04-03 21:04:54,R_3QLocFy2WQPWXqj,,,,,41.2969,-95.9674,anonymous,EN,2,2,4,2,1,3,2,2,4,6,,2,2,1,0,6,,1,1,3,2,2,49,1,,80449806,1,single
2025-04-03 21:02:37,2025-04-03 21:06:25,0,70.44.226.215,100,227,1,2025-04-03 21:06:25,R_6oKsVivxVFOhwfT,,,,,40.9485,-75.9565,anonymous,EN,4,3,4,4,3,3,3,6,"1,4","4,6",,3,4,4,0,6,,2,2,2,2,2,40,1,,35624485,0,multiple
2025-04-03 21:04:01,2025-04-03 21:07:12,0,68.0.149.215,100,191,1,2025-04-03 21:07:13,R_3aOXZovNvBKt0zt,,,,,32.2123,-110.879,anonymous,EN,2,7,3,3,1,3,3,7,"1,4",6,,5,2,1,0,6,,2,1,1,1,1,54,1,,94545451,0,multiple
2025-04-03 21:03:24,2025-04-03 21:07:25,0,12.160.225.112,100,241,1,2025-04-03 21:07:26,R_5aLTatSxhjvWirE,,,,,34.0544,-118.244,anonymous,EN,2,3,2,4,2,3,2,7,"1,4","4,6",,4,3,2,0,6,,2,2,3,2,2,45,1,,54606812,1,single
2025-04-03 21:05:33,2025-04-03 21:07:28,0,23.243.213.44,100,114,1,2025-04-03 21:07:28,R_7rlnFhPwSIz6336,,,,,34.003,-118.4298,anonymous,EN,6,4,5,6,6,7,7,4,"1,4","2,5",,6,6,7,1,2,,7,7,6,6,7,31,1,,24551487,1,single
2025-04-03 21:00:27,2025-04-03 21:07:34,0,162.206.59.204,100,427,1,2025-04-03 21:07:35,R_7Ib1gxf7HB2ph1n,,,,,29.5593,-97.9631,anonymous,EN,6,5,5,4,3,3,3,7,"1,4","2,7","Curiosity about what's in the product (nuts, granola, fruit, etc.)",4,5,4,1,2,,5,2,5,4,5,49,2,,24802021,1,single
2025-04-03 21:05:21,2025-04-03 21:07:47,0,104.28.58.0,100,145,1,2025-04-03 21:07:47,R_5qCdtfIw1BdDmWM,,,,,42.3695,-83.4769,anonymous,EN,2,2,2,2,2,2,2,2,"1,4","4,6",,2,4,2,0,6,,1,1,2,1,1,31,1,,26386595,0,multiple
2025-04-03 21:02:33,2025-04-03 21:08:21,0,71.212.60.76,100,348,1,2025-04-03 21:08:22,R_71in9ukfge4JDDK,,,,,47.4936,-122.2415,anonymous,EN,2,1,1,1,2,2,1,1,5,"4,6",,2,1,1,0,6,,1,1,1,1,1,51,1,,51633639,0,multiple
2025-04-03 21:05:59,2025-04-03 21:08:34,0,70.127.166.123,100,154,1,2025-04-03 21:08:34,R_72S4544zBhpPggk,,,,,27.9611,-81.9398,anonymous,EN,3,4,4,4,3,5,3,3,1,"4,6",,3,4,3,0,6,,3,3,3,3,3,38,1,,61056874,0,multiple
2025-04-03 21:02:37,2025-04-03 21:08:35,0,172.15.14.58,100,358,1,2025-04-03 21:08:36,R_5ayKfxn9q0xrQH8,,,,,38.2479,-122.6192,anonymous,EN,5,5,5,5,3,3,3,6,"1,4","1,7","Product looks up my alley, but felt the captions were too vague to really make a decision about whether I should buy. ",5,5,3,0,5,,3,2,4,5,5,45,2,,17742997,0,multiple
2025-04-03 21:05:45,2025-04-03 21:08:40,0,24.4.246.231,100,175,1,2025-04-03 21:08:41,R_3IFlDqePTWEVI8V,,,,,37.4152,-122.1224,anonymous,EN,3,3,2,2,2,2,2,3,1,2,,2,2,4,0,6,,3,3,4,4,4,39,1,,49516257,0,multiple
2025-04-03 21:04:42,2025-04-03 21:08:42,0,207.193.207.111,100,240,1,2025-04-03 21:08:44,R_7d3TNHUVYJmM67x,,,,,33.6143,-84.3716,anonymous,EN,3,1,1,1,1,1,1,1,5,6,,2,1,1,0,6,,1,1,1,1,1,67,2,,58771788,1,single
2025-04-03 21:08:29,2025-04-03 21:10:10,0,68.2.83.228,100,101,1,2025-04-03 21:10:10,R_70otZZzy8UkgCKl,,,,,33.7001,-111.8877,anonymous,EN,3,1,1,1,1,1,1,5,"1,4",6,,2,1,2,0,6,,1,1,1,1,1,61,1,,68154381,0,multiple
2025-04-03 21:04:18,2025-04-03 21:10:46,0,65.186.221.183,100,388,1,2025-04-03 21:10:47,R_7tgjVqbhE2J0xav,,,,,40.2459,-83.3603,anonymous,EN,3,5,6,3,6,5,5,3,5,6,,5,5,1,0,2,,2,1,4,4,3,40,1,,37095440,1,single
2025-04-03 21:08:04,2025-04-03 21:10:56,0,24.126.176.37,100,172,1,2025-04-03 21:10:56,R_7IahRqA8pP1MvFI,,,,,34.0414,-84.5053,anonymous,EN,2,1,3,2,2,1,1,1,5,4,,1,1,1,0,6,,1,1,2,1,1,48,1,,17241566,1,single
2025-04-03 21:06:31,2025-04-03 21:11:35,0,71.204.166.252,100,303,1,2025-04-03 21:11:35,R_6GxE5vbuspJ3UEN,,,,,37.2941,-121.8996,anonymous,EN,5,5,3,4,4,5,3,7,"1,4","1,6",,5,4,5,0,6,,3,3,3,3,3,50,1,,29862183,0,multiple
2025-04-03 21:04:37,2025-04-03 21:11:41,0,24.126.14.42,100,424,1,2025-04-03 21:11:42,R_77oS8QxwOP3A90Z,,,,,39.308,-76.6734,anonymous,EN,6,1,5,6,6,6,6,4,1,6,,1,1,4,0,3,,5,4,5,4,5,44,1,,69121661,1,single
2025-04-03 21:08:07,2025-04-03 21:12:09,0,75.89.140.172,100,242,1,2025-04-03 21:12:10,R_7ciV1Hk9ON5lj2G,,,,,42.4861,-91.4452,anonymous,EN,5,4,4,4,4,5,5,6,1,"2,6",,5,5,4,0,6,,4,3,3,2,2,54,1,,75848678,1,single
2025-04-03 21:07:58,2025-04-03 21:12:15,0,172.56.223.10,100,257,1,2025-04-03 21:12:15,R_7dPPkyhpeRbX0qe,,,,,39.9486,-75.2339,anonymous,EN,2,1,4,2,4,2,1,2,5,6,,1,2,1,0,6,,6,2,4,4,4,50,1,,29448333,1,single
2025-04-03 21:07:09,2025-04-03 21:12:17,0,68.200.103.192,100,307,1,2025-04-03 21:12:17,R_1lJNP98Z5lxYvEl,,,,,27.8154,-82.6815,anonymous,EN,2,2,4,2,2,1,2,7,"1,4",4,,2,2,1,0,6,,1,1,1,1,2,59,1,,77236256,1,single
2025-04-03 21:07:48,2025-04-03 21:12:21,0,74.90.166.95,100,272,1,2025-04-03 21:12:21,R_1SuoFABXKe7kvJv,,,,,40.6877,-73.9267,anonymous,EN,4,4,4,4,4,5,4,4,"1,4","2,6",,6,4,4,0,6,,4,4,4,4,4,36,1,,36596327,1,single
2025-04-03 21:07:35,2025-04-03 21:12:26,0,174.196.196.168,100,290,1,2025-04-03 21:12:26,R_7E11OHaTxAFTYoC,,,,,42.3427,-71.0922,anonymous,EN,3,3,3,3,3,5,4,6,"1,4","4,6",,5,2,2,0,6,,2,2,2,2,2,48,4,,89245071,1,single
2025-04-03 21:08:00,2025-04-03 21:12:35,0,68.37.163.215,100,275,1,2025-04-03 21:12:35,R_6MiHcZFUsSzmRVV,,,,,42.5836,-83.4989,anonymous,EN,6,6,5,4,5,5,3,5,"1,3,4",7,curiosity about if the product even tastes good,5,5,4,1,6,,2,1,4,4,4,28,2,,46981955,1,single
2025-04-03 21:08:24,2025-04-03 21:12:45,0,172.56.71.162,100,261,1,2025-04-03 21:12:46,R_7zl2F9A3NRrAFqZ,,,,,33.7043,-84.3742,anonymous,EN,5,4,5,5,4,5,5,5,"1,3","1,2",,5,4,5,0,2,,4,4,4,5,5,42,1,,87523082,0,multiple
2025-04-03 21:08:05,2025-04-03 21:12:46,0,66.73.96.19,100,280,1,2025-04-03 21:12:46,R_7g5C3FQd9PoNoOW,,,,,33.058,-89.5896,anonymous,EN,5,6,6,4,7,5,5,7,"1,4",3,,5,6,5,1,1,,6,5,5,5,7,41,1,,15200552,0,multiple
2025-04-03 21:10:08,2025-04-03 21:13:12,0,162.206.136.81,100,184,1,2025-04-03 21:13:13,R_7OIN39VHR6UUBtM,,,,,42.0469,-88.1051,anonymous,EN,3,2,3,3,4,4,4,3,5,7,wondering why such a young person is promoting something called age rewind,3,2,2,0,4,,3,1,3,3,3,51,2,,99538922,1,single
2025-04-03 21:08:27,2025-04-03 21:13:32,0,70.189.71.72,100,304,1,2025-04-03 21:13:32,R_3tyFxN9piCFE0sO,,,,,36.0284,-95.9306,anonymous,EN,2,6,4,2,2,3,4,7,4,"3,4",,2,3,1,0,4,,2,1,2,4,4,73,1,,76055802,0,multiple
2025-04-03 21:09:11,2025-04-03 21:13:52,0,68.103.194.58,100,281,1,2025-04-03 21:13:52,R_3feQ8LG9RLZWxtV,,,,,37.8199,-96.846,anonymous,EN,6,5,4,5,4,5,4,6,4,6,,4,5,6,0,5,,5,4,4,4,4,64,1,,72992072,1,single
2025-04-03 21:09:02,2025-04-03 21:14:31,0,72.176.137.144,100,329,1,2025-04-03 21:14:32,R_3OjiIUdZQa9eCrf,,,,,31.7078,-106.3238,anonymous,EN,5,4,6,5,4,6,4,5,4,"2,3",,4,4,3,1,2,,4,2,4,3,3,47,1,,60469276,1,single
2025-04-03 21:10:50,2025-04-03 21:14:43,0,50.39.197.136,100,233,1,2025-04-03 21:14:43,R_3TvZfUuMtLNvpU5,,,,,45.0051,-122.7832,anonymous,EN,2,1,4,1,1,5,5,1,5,"4,6",,5,1,1,0,4,,1,1,1,1,1,38,2,,95061310,1,single
2025-04-03 21:12:25,2025-04-03 21:14:48,0,96.62.127.118,100,142,1,2025-04-03 21:14:48,R_63Pbj5Z6QOQ8ti1,,,,,37.751,-97.822,anonymous,EN,6,6,4,7,4,6,5,7,"1,2,3",3,,5,4,5,0,2,,7,4,6,4,7,52,2,,72263274,1,single
2025-04-03 21:08:21,2025-04-03 21:15:10,0,67.187.213.209,100,408,1,2025-04-03 21:15:10,R_7dJHpSRBPLBqlTb,,,,,36.7539,-119.7085,anonymous,EN,2,5,3,2,2,2,2,2,4,"4,6",,2,2,1,0,6,,2,1,2,2,2,61,1,,54101968,0,multiple
2025-04-03 21:10:46,2025-04-03 21:15:27,0,216.16.29.218,100,281,1,2025-04-03 21:15:28,R_1J2V0N2KihATdfT,,,,,43.4766,-96.7052,anonymous,EN,5,4,5,5,6,5,5,5,4,"1,3",,5,4,5,1,5,,4,5,5,4,5,61,2,,91311926,0,multiple
2025-04-03 21:12:53,2025-04-03 21:16:34,0,174.244.80.159,100,221,1,2025-04-03 21:16:35,R_7FJuQafhpc2UhMn,,,,,30.2424,-97.767,anonymous,EN,7,7,6,7,7,7,7,7,"1,2,3,4","1,2,3",,7,6,6,1,3,,7,7,7,7,7,38,1,,54107079,1,single
2025-04-03 21:11:49,2025-04-03 21:16:54,0,75.168.85.216,100,305,1,2025-04-03 21:16:55,R_1TWUykvqm8JDdxf,,,,,44.9985,-93.3029,anonymous,EN,5,5,6,4,3,5,5,5,"1,4","2,3",,5,6,5,0,4,,5,5,5,5,5,37,1,,51871431,1,single
2025-04-03 21:14:13,2025-04-03 21:18:00,0,66.179.68.1,100,226,1,2025-04-03 21:18:00,R_5pu6DKdysxqHAk1,,,,,30.011,-81.4108,anonymous,EN,3,3,4,2,3,3,2,5,"1,4","6,7",The influencer did a poor job displaying the item - looked cheaply done,4,3,4,0,6,,2,1,3,2,3,54,1,,30706024,1,single
2025-04-03 21:15:56,2025-04-03 21:19:31,0,99.35.20.108,100,215,1,2025-04-03 21:19:32,R_5vPOX62lKz2zqPD,,,,,37.5625,-122.0004,anonymous,EN,6,5,5,4,3,5,2,7,4,4,,5,3,2,1,6,,5,5,3,4,3,61,1,,11503160,0,multiple
2025-04-03 21:18:36,2025-04-03 21:20:30,0,69.151.115.99,100,113,1,2025-04-03 21:20:30,R_1CqmNwNywyfc70B,,,,,33.8088,-84.2815,anonymous,EN,1,1,3,1,2,1,1,1,5,6,,2,3,1,0,4,,1,1,1,1,1,33,1,,49126954,1,single
2025-04-03 21:14:57,2025-04-03 21:20:31,0,68.206.174.179,100,333,1,2025-04-03 21:20:31,R_7d6ONifgNZzqYDL,,,,,31.056,-97.4644,anonymous,EN,6,5,6,5,6,4,2,5,"1,4","2,3,6",,5,5,5,0,2,,3,5,5,6,6,38,1,,46617081,1,single
2025-04-03 21:18:47,2025-04-03 21:20:33,0,96.249.152.149,100,106,1,2025-04-03 21:20:34,R_35lVwubFbXoIZeV,,,,,40.275,-76.8039,anonymous,EN,1,1,1,1,1,1,1,7,"1,4",6,,1,1,1,0,6,,1,1,1,1,1,33,1,,66504009,1,single
2025-04-03 21:14:32,2025-04-03 21:20:41,0,174.195.40.55,100,368,1,2025-04-03 21:20:41,R_7opU5GUVocupcwe,,,,,33.8513,-84.287,anonymous,EN,6,6,5,6,5,6,4,5,5,6,,4,1,1,0,2,,4,1,4,3,4,55,1,,22180857,0,multiple
2025-04-03 21:17:30,2025-04-03 21:20:50,0,174.86.201.249,100,200,1,2025-04-03 21:20:51,R_6MOZBntPF9HqcIV,,,,,38.7808,-90.6355,anonymous,EN,2,4,3,2,1,2,2,2,5,6,,2,4,1,0,6,,1,1,2,2,2,28,1,,78930563,1,single
2025-04-03 21:17:54,2025-04-03 21:21:32,0,68.198.171.253,100,217,1,2025-04-03 21:21:32,R_5EbCcPK1qlHPjRp,,,,,40.9451,-74.2531,anonymous,EN,2,3,4,2,1,3,1,2,"1,4","4,6",,2,2,3,0,6,,1,1,1,2,1,38,1,,68542952,0,multiple
2025-04-03 21:18:16,2025-04-03 21:22:15,0,174.180.81.132,100,239,1,2025-04-03 21:22:16,R_62DP4Ouk6QoPLH8,,,,,42.1261,-72.486,anonymous,EN,7,7,4,7,7,7,7,4,5,3,,4,4,4,0,3,,7,6,7,7,7,39,1,,12967881,0,multiple
2025-04-03 21:20:31,2025-04-03 21:22:30,0,68.62.132.158,100,118,1,2025-04-03 21:22:31,R_5jeeoCIldiaAbqp,,,,,33.2716,-87.5362,anonymous,EN,2,1,4,3,2,2,2,2,1,6,,4,4,2,0,6,,1,1,2,2,2,37,1,,27005058,0,multiple
2025-04-03 21:17:11,2025-04-03 21:22:36,0,172.58.183.3,100,324,1,2025-04-03 21:22:36,R_5sGlruU16j6Bk1H,,,,,32.7319,-96.9057,anonymous,EN,6,4,4,2,5,4,4,7,"1,4",7,indifferent,1,4,4,0,7,indifferent,2,1,4,1,1,39,2,,80709596,1,single
2025-04-03 21:16:04,2025-04-03 21:23:18,0,172.98.32.157,100,434,1,2025-04-03 21:23:18,R_5qeBLQe3G5UAzTS,,,,,38.894,-77.0365,anonymous,EN,7,7,6,7,7,7,7,7,"1,2,3,4","1,2,3,5",,5,6,7,1,3,,7,7,7,7,6,70,1,,78287140,0,multiple
2025-04-03 21:20:39,2025-04-03 21:23:33,0,73.229.171.182,100,173,1,2025-04-03 21:23:33,R_6rjF381SRrU2bK3,,,,,39.7128,-105.0953,anonymous,EN,3,2,3,2,2,3,1,2,1,"4,6",,2,2,2,0,6,,1,1,2,2,2,40,1,,24675289,0,multiple
2025-04-03 21:21:50,2025-04-03 21:24:29,0,97.87.4.154,100,159,1,2025-04-03 21:24:30,R_7JgeDk7UrPWndpO,,,,,43.1899,-89.2185,anonymous,EN,3,5,4,4,2,2,3,5,4,4,,4,4,3,1,4,,4,2,4,3,3,38,1,,40458366,0,multiple
2025-04-03 21:21:16,2025-04-03 21:25:01,0,38.209.39.154,100,225,1,2025-04-03 21:25:02,R_6wTSwTHx6rWSkwI,,,,,40.3437,-94.8787,anonymous,EN,2,3,3,1,1,5,5,7,1,"4,6",,5,5,1,0,6,,2,1,1,1,1,40,1,,13713192,0,multiple
2025-04-03 21:22:08,2025-04-03 21:26:07,0,104.129.199.51,100,238,1,2025-04-03 21:26:07,R_7bH41T8ienGcPDO,,,,,34.0544,-118.244,anonymous,EN,3,6,4,3,3,2,2,3,5,6,,5,2,3,0,7,i was wondering about the reason for the homogenous demographic,2,2,4,4,4,50,1,,71816141,0,multiple
2025-04-03 21:20:54,2025-04-03 21:26:57,0,73.16.207.2,100,363,1,2025-04-03 21:26:58,R_7DD3p1REayk9SPg,,,,,42.2546,-71.4564,anonymous,EN,2,2,3,3,4,5,3,6,"1,4",4,,5,3,3,0,6,,3,1,1,3,1,40,2,,61406622,0,multiple
2025-04-03 21:21:23,2025-04-03 21:27:03,0,24.102.69.34,100,339,1,2025-04-03 21:27:03,R_615hM0opL9c8vJc,,,,,40.7787,-73.9132,anonymous,EN,3,1,1,2,1,2,1,7,"1,4",6,,2,1,1,0,6,,1,1,1,1,1,70,1,,82635115,1,single
2025-04-03 21:25:20,2025-04-03 21:28:10,0,107.131.145.149,100,169,1,2025-04-03 21:28:10,R_5ez9gQWeYZHRb6U,,,,,41.3421,-88.8426,anonymous,EN,1,1,4,1,1,5,5,7,"1,4",6,,5,2,1,0,6,,1,1,1,1,1,43,1,,76234084,1,single
2025-04-03 21:22:27,2025-04-03 21:28:16,0,65.128.234.29,100,348,1,2025-04-03 21:28:16,R_7uq7otruONtnL5D,,,,,45.0196,-93.2402,anonymous,EN,5,7,5,5,5,5,2,7,"1,4",7,That is is similar to its competitors.,5,5,4,0,6,,5,2,4,5,3,61,1,,11724120,0,multiple
2025-04-03 21:25:51,2025-04-03 21:28:16,0,108.39.230.84,100,144,1,2025-04-03 21:28:16,R_7NLqs4tXWO8QKdt,,,,,40.4012,-80.0913,anonymous,EN,1,1,1,1,1,1,1,1,5,6,,1,1,1,0,6,,1,1,1,1,1,44,1,,97799202,1,single
2025-04-03 21:25:04,2025-04-03 21:28:22,0,99.188.196.40,100,198,1,2025-04-03 21:28:22,R_1dfW8GmTCXKRizp,,,,,35.3787,-81.379,anonymous,EN,2,2,1,1,1,1,1,1,5,"4,6",,1,1,1,0,4,,1,1,1,1,1,23,1,,51125326,0,multiple
2025-04-03 21:25:23,2025-04-03 21:28:40,0,104.255.98.75,100,196,1,2025-04-03 21:28:40,R_3ODD9RyotpgQBnm,,,,,26.1948,-98.1836,anonymous,EN,3,1,3,1,1,1,1,1,5,6,,1,1,1,0,6,,1,1,1,1,1,45,1,,95367727,1,single
2025-04-03 21:24:14,2025-04-03 21:29:48,0,35.150.194.130,100,333,1,2025-04-03 21:29:48,R_5Ld5nP9r0DIHKQh,,,,,36.5818,-87.4162,anonymous,EN,4,3,4,5,5,5,4,5,1,2,,1,5,4,1,2,,1,1,4,4,4,57,2,,63125497,1,single
2025-04-03 21:28:18,2025-04-03 21:30:50,0,174.168.134.10,100,152,1,2025-04-03 21:30:51,R_3TMdzZ70AY4xvve,,,,,42.2463,-70.9972,anonymous,EN,2,1,4,2,3,2,3,2,"1,4",6,,1,4,1,0,6,,1,1,2,2,2,33,2,,96929199,1,single
2025-04-03 21:24:58,2025-04-03 21:33:07,0,47.156.83.60,100,488,1,2025-04-03 21:33:07,R_7UsmO0ZwJaFHFQt,,,,,33.8308,-118.1125,anonymous,EN,3,4,3,4,3,2,5,3,1,"4,6",,3,3,2,0,6,,2,1,4,4,3,54,1,,39039701,1,single
2025-04-03 21:31:51,2025-04-03 21:33:15,0,98.116.159.72,100,83,1,2025-04-03 21:33:15,R_5xTStqtUJu4tqyl,,,,,40.7513,-73.8244,anonymous,EN,2,4,2,2,3,3,3,2,5,6,,3,2,1,0,6,,2,1,2,2,2,33,1,,31621289,0,multiple
2025-04-03 21:26:04,2025-04-03 21:33:41,0,76.117.88.25,100,456,1,2025-04-03 21:33:42,R_6v0wb4WvH0Yjwb9,,,,,39.3774,-74.5612,anonymous,EN,5,4,3,4,3,7,2,6,"1,4","4,5,6",,5,5,2,0,6,,2,1,2,2,1,40,2,,65373529,0,multiple
2025-04-03 21:28:11,2025-04-03 21:34:32,0,73.251.76.170,100,380,1,2025-04-03 21:34:32,R_7SDE8B4swF35stP,,,,,37.3825,-79.2181,anonymous,EN,4,4,4,4,4,4,4,4,"2,3","2,3",,4,4,4,0,4,,4,4,4,4,4,37,2,,84597941,1,single
2025-04-03 21:35:02,2025-04-03 21:35:40,0,98.149.15.211,100,37,1,2025-04-03 21:35:41,R_3d5geXENp36n77n,,,,,33.7518,-117.9932,anonymous,EN,5,4,4,5,6,5,4,4,"1,4","2,4",,3,3,3,0,2,,4,4,5,5,4,23,2,,86003748,0,multiple
2025-04-03 21:34:06,2025-04-03 21:37:57,0,172.59.73.99,100,231,1,2025-04-03 21:37:59,R_5Rb97ENHi9vTFaw,,,,,39.1134,-94.674,anonymous,EN,2,2,2,2,2,2,2,1,5,"4,6",,2,2,1,0,6,,1,1,1,1,1,43,2,,91150569,1,single
2025-04-03 21:36:09,2025-04-03 21:38:14,0,35.150.169.184,100,124,1,2025-04-03 21:38:14,R_71bFykZ6PpGx7kZ,,,,,44.252,-85.4012,anonymous,EN,3,6,2,3,3,2,2,5,"1,4","4,6",,3,4,3,0,6,,2,1,3,1,1,48,1,,15654603,1,single
2025-04-03 21:34:59,2025-04-03 21:40:10,0,174.160.191.181,100,311,1,2025-04-03 21:40:11,R_7lsLjd6LVFsb8NO,,,,,38.5879,-121.4053,anonymous,EN,7,2,7,7,7,7,7,7,2,1,,5,7,7,1,1,,7,7,7,7,7,49,2,,55879631,1,single
2025-04-03 21:37:07,2025-04-03 21:42:22,0,107.77.202.150,100,314,1,2025-04-03 21:42:22,R_1PNgWbWJti0FYid,,,,,38.6879,-77.2978,anonymous,EN,6,7,5,6,6,7,6,7,"1,4","1,2,3",,6,6,5,0,5,,4,4,6,6,6,47,2,,13121508,0,multiple
2025-04-03 21:16:38,2025-04-03 21:43:02,0,98.97.118.172,100,1583,1,2025-04-03 21:43:02,R_1HY4yPEkEqgO5hf,,,,,33.4532,-112.0748,anonymous,EN,5,4,2,4,3,3,3,4,5,7,I thought some of the placement of the bar was weird and distracting at times.,5,3,4,0,7,Neither options,3,3,4,4,4,43,2,,70052686,0,multiple
